Distance_Run#14_(cm), Pressure_Run#14_(atm), Mass_density_Run#14_(g/cm3), Axial_velocity_Run#14_(cm/sec), Cross-section_area_Run#14_(cm2), Net_heat_production_from_gas-phase_reactions_Run#14_(erg/cm3-sec), EINO_Run#14_(g-NO/kg-fuel), EINO2_Run#14_(g-NO2/kg-fuel), EINOX_Run#14_(g-NOx/kg-fuel), EICO_Run#14_(g-CO/kg-fuel), Unburned_fuel_fraction_Run#14_(), Temperature_Run#14_(K), Mole_fraction_H2_Run#14_(), Mole_fraction_H_Run#14_(), Mole_fraction_O_Run#14_(), Mole_fraction_O2_Run#14_(), Mole_fraction_OH_Run#14_(), Mole_fraction_H2O_Run#14_(), Mole_fraction_HO2_Run#14_(), Mole_fraction_H2O2_Run#14_(), Mole_fraction_CO_Run#14_(), Mole_fraction_CO2_Run#14_(), Mole_fraction_HCO_Run#14_(), Mole_fraction_CH2O_Run#14_(), Mole_fraction_N_Run#14_(), Mole_fraction_NH_Run#14_(), Mole_fraction_NNH_Run#14_(), Mole_fraction_NO_Run#14_(), Mole_fraction_N2O_Run#14_(), Mole_fraction_N2_Run#14_(), Flow_rate_Run#14_(g/cm2-sec), Molecular_weight_Run#14_(g/mole)
0.000000e+000, 9.999997e-001, 1.049747e-003, 1.262207e+002, 1.000000e+000, -4.467229e-002, 0.000000e+000, 0.000000e+000, 0.000000e+000, 0.000000e+000, 1.000000e+000, 2.950000e+002, 1.171626e-001, -9.320617e-019, -2.513888e-019, 1.115834e-001, -2.506994e-019, 4.406583e-015, 2.836605e-016, 1.588551e-016, 3.514878e-001, 1.246482e-016, -1.233364e-019, -1.202384e-019, -2.290291e-019, -2.692208e-019, -1.616724e-019, -1.600554e-019, -1.227670e-019, 4.197662e-001, 1.324997e-001, 2.541117e+001
2.475250e+000, 9.999997e-001, 1.049747e-003, 1.262206e+002, 1.000000e+000, 1.788820e-006, 0.000000e+000, 0.000000e+000, 0.000000e+000, 0.000000e+000, 1.000000e+000, 2.950000e+002, 1.171624e-001, 8.242844e-023, 3.737149e-018, 1.115834e-001, 1.967750e-022, 5.776479e-012, 4.024337e-013, 2.269837e-013, 3.514878e-001, 2.331078e-013, 1.532976e-024, 3.968179e-018, 5.800935e-022, 2.473408e-023, 2.425405e-026, 2.225199e-018, 1.259621e-019, 4.197663e-001, 1.324997e-001, 2.541118e+001
4.851490e+000, 9.999997e-001, 1.049816e-003, 1.262123e+002, 1.000000e+000, 6.546211e-002, -4.350383e-016, 8.863413e-007, 8.863413e-007, 1.361653e-007, 9.999908e-001, 2.950007e+002, 1.170972e-001, 1.760935e-018, 1.359078e-013, 1.115918e-001, 4.881426e-018, 7.124488e-009, 5.368803e-010, 3.048520e-010, 3.515137e-001, 4.094902e-010, 1.593028e-021, 6.028476e-015, -3.312662e-020, -1.806395e-022, -1.397392e-024, 2.753595e-015, -3.036377e-018, 4.197973e-001, 1.324997e-001, 2.541291e+001
4.900995e+000, 9.999997e-001, 1.050085e-003, 1.261801e+002, 1.000000e+000, 2.486810e+001, 1.756482e-015, 2.716082e-006, 2.716082e-006, 3.885690e-007, 9.999526e-001, 2.950080e+002, 1.168283e-001, 7.953115e-016, 5.191988e-011, 1.116263e-001, 2.458125e-015, 1.024766e-007, 8.321177e-009, 4.741001e-009, 3.516203e-001, 8.116691e-009, 7.591256e-019, 1.231193e-013, 1.190938e-018, 7.496024e-020, 2.891667e-023, 4.324697e-014, 7.229774e-017, 4.199250e-001, 1.324997e-001, 2.542003e+001
4.950500e+000, 9.999997e-001, 1.052142e-003, 1.259333e+002, 1.000000e+000, 1.268509e+003, 1.121447e-015, 9.412027e-006, 9.412027e-006, 1.238887e-006, 9.996072e-001, 2.951751e+002, 1.144042e-001, 1.249815e-013, 1.834147e-009, 1.119374e-001, 6.074876e-013, 2.699818e-006, 2.371818e-007, 1.358842e-007, 3.525799e-001, 3.025622e-007, 1.188952e-016, 4.677745e-012, 1.103266e-016, 1.802287e-018, 1.534781e-022, 1.245831e-012, 2.877268e-015, 4.210751e-001, 1.324997e-001, 2.548427e+001
4.958750e+000, 9.999997e-001, 1.053243e-003, 1.258017e+002, 1.000000e+000, 1.020202e+004, -2.296893e-014, 1.991220e-005, 1.991220e-005, 2.436628e-006, 9.992774e-001, 2.955627e+002, 1.121326e-001, 2.118276e-012, 8.240951e-009, 1.122283e-001, 1.031248e-011, 9.750878e-006, 9.167179e-007, 5.164372e-007, 3.534759e-001, 1.415403e-006, 2.014824e-015, 2.219988e-011, 2.065935e-015, 3.123844e-018, -5.796099e-021, 4.859847e-012, 1.357113e-014, 4.221506e-001, 1.324997e-001, 2.554444e+001
4.962875e+000, 9.999997e-001, 1.053079e-003, 1.258213e+002, 1.000000e+000, 5.564543e+004, 6.459473e-014, 3.687942e-005, 3.687942e-005, 4.233151e-006, 9.989405e-001, 2.962914e+002, 1.099036e-001, 1.726725e-011, 2.046370e-008, 1.125108e-001, 7.438064e-011, 2.479494e-005, 2.474739e-006, 1.375763e-006, 3.543490e-001, 4.561482e-006, 1.645567e-014, 7.232008e-011, 9.316445e-015, 3.479698e-017, 2.395380e-020, 1.322726e-011, 4.430464e-014, 4.232034e-001, 1.324997e-001, 2.560342e+001
4.967000e+000, 9.999997e-001, 1.049643e-003, 1.262331e+002, 1.000000e+000, 4.732281e+005, -3.184158e-014, 7.501778e-005, 7.501778e-005, 7.973121e-006, 9.983541e-001, 2.983646e+002, 1.063070e-001, 2.092614e-010, 5.528258e-008, 1.129548e-001, 6.882448e-010, 7.244118e-005, 7.770808e-006, 4.226490e-006, 3.557391e-001, 1.743396e-005, 2.004372e-013, 2.795040e-010, 3.870569e-014, 5.332194e-017, -1.841127e-020, 4.195287e-011, 1.703607e-013, 4.248972e-001, 1.324997e-001, 2.569846e+001
4.969062e+000, 9.999997e-001, 1.043756e-003, 1.269451e+002, 1.000000e+000, 2.040732e+006, 2.146035e-013, 1.154630e-004, 1.154630e-004, 1.150453e-005, 9.978777e-001, 3.008376e+002, 1.037413e-001, 1.777008e-009, 1.008023e-007, 1.132533e-001, 3.675085e-009, 1.345726e-004, 1.531748e-005, 8.013184e-006, 3.567068e-001, 3.864765e-005, 1.713096e-012, 6.241989e-010, 8.817004e-014, 2.009973e-016, 1.604234e-019, 8.347991e-011, 3.799380e-013, 4.261020e-001, 1.324997e-001, 2.576613e+001
4.971125e+000, 9.999997e-001, 1.030944e-003, 1.285227e+002, 1.000000e+000, 1.100796e+007, 1.335891e-012, 1.836782e-004, 1.836782e-004, 1.683834e-005, 9.971679e-001, 3.055746e+002, 1.005321e-001, 1.615517e-008, 1.975342e-007, 1.135880e-001, 2.467939e-008, 2.621273e-004, 3.213972e-005, 1.581718e-005, 3.578716e-001, 9.183800e-005, 1.571458e-011, 1.495569e-009, 2.016961e-013, 6.684089e-016, 1.337001e-018, 1.777979e-010, 9.087266e-013, 4.276061e-001, 1.324997e-001, 2.585059e+001
4.972156e+000, 9.999997e-001, 1.019623e-003, 1.299497e+002, 1.000000e+000, 3.443401e+007, 6.244952e-012, 2.382349e-004, 2.382349e-004, 2.048181e-005, 9.966588e-001, 3.095508e+002, 9.867473e-002, 7.051314e-008, 2.963290e-007, 1.137469e-001, 9.309391e-008, 3.751842e-004, 4.841000e-005, 2.249819e-005, 3.585078e-001, 1.478608e-004, 6.899049e-011, 2.421012e-009, 3.121721e-013, 2.022798e-015, 7.387566e-018, 2.725749e-010, 1.470127e-012, 4.284761e-001, 1.324997e-001, 2.589940e+001
4.973187e+000, 9.999997e-001, 1.003107e-003, 1.320893e+002, 1.000000e+000, 1.061625e+008, 2.424549e-011, 3.123367e-004, 3.123368e-004, 2.482201e-005, 9.959801e-001, 3.152872e+002, 9.666886e-002, 2.631090e-007, 4.640358e-007, 1.138721e-001, 3.302412e-007, 5.448841e-004, 7.423896e-005, 3.212337e-005, 3.591462e-001, 2.441435e-004, 2.597147e-010, 4.024106e-009, 4.850066e-013, 5.969889e-015, 3.457842e-017, 4.308296e-010, 2.442440e-012, 4.294164e-001, 1.324997e-001, 2.595206e+001
4.973703e+000, 9.999997e-001, 9.922121e-004, 1.335397e+002, 1.000000e+000, 1.988745e+008, 5.050607e-011, 3.604107e-004, 3.604108e-004, 2.725542e-005, 9.955474e-001, 3.190864e+002, 9.562370e-002, 5.400322e-007, 5.977976e-007, 1.139090e-001, 6.682051e-007, 6.608057e-004, 9.242304e-005, 3.828780e-005, 3.594493e-001, 3.174647e-004, 5.354233e-010, 5.256430e-009, 6.066523e-013, 1.073901e-014, 7.986838e-017, 5.512358e-010, 3.190046e-012, 4.299071e-001, 1.324997e-001, 2.597951e+001
4.974219e+000, 9.999997e-001, 9.791606e-004, 1.353197e+002, 1.000000e+000, 3.619718e+008, 1.074173e-010, 4.170125e-004, 4.170127e-004, 2.982972e-005, 9.950302e-001, 3.236870e+002, 9.456202e-002, 1.054907e-006, 7.825429e-007, 1.139189e-001, 1.308903e-006, 8.042778e-004, 1.150988e-004, 4.550233e-005, 3.597288e-001, 4.156838e-004, 1.052326e-009, 6.920910e-009, 7.602179e-013, 1.963087e-014, 1.897995e-016, 7.126535e-010, 4.201091e-012, 4.304066e-001, 1.324997e-001, 2.600742e+001
4.974734e+000, 9.999997e-001, 9.637150e-004, 1.374885e+002, 1.000000e+000, 6.461473e+008, 2.172152e-010, 4.828740e-004, 4.828744e-004, 3.248787e-005, 9.944093e-001, 3.292306e+002, 9.349376e-002, 2.003611e-006, 1.040837e-006, 1.138935e-001, 2.508326e-006, 9.808945e-004, 1.426905e-004, 5.374932e-005, 3.599732e-001, 5.461813e-004, 2.011863e-009, 9.156013e-009, 9.517199e-013, 3.397858e-014, 4.322272e-016, 9.293176e-010, 5.559728e-012, 4.309104e-001, 1.324997e-001, 2.603556e+001
4.975250e+000, 9.999997e-001, 9.456862e-004, 1.401096e+002, 1.000000e+000, 1.129378e+009, 4.464336e-010, 5.586006e-004, 5.586013e-004, 3.516922e-005, 9.936621e-001, 3.358693e+002, 9.243002e-002, 3.711853e-006, 1.405559e-006, 1.138238e-001, 4.697124e-006, 1.196904e-003, 1.751910e-004, 6.290364e-005, 3.601698e-001, 7.178252e-004, 3.752209e-009, 1.213668e-008, 1.191175e-012, 5.854166e-014, 1.008151e-015, 1.220052e-009, 7.375977e-012, 4.314137e-001, 1.324997e-001, 2.606366e+001
4.975508e+000, 9.999997e-001, 9.356290e-004, 1.416157e+002, 1.000000e+000, 1.491076e+009, 6.437932e-010, 6.009407e-004, 6.009417e-004, 3.650882e-005, 9.932312e-001, 3.396611e+002, 9.190432e-002, 5.048200e-006, 1.645684e-006, 1.137686e-001, 6.420514e-006, 1.322359e-003, 1.930246e-004, 6.772780e-005, 3.602446e-001, 8.230578e-004, 5.117844e-009, 1.399047e-008, 1.332794e-012, 7.623858e-014, 1.553494e-015, 1.402501e-009, 8.508494e-012, 4.316631e-001, 1.324997e-001, 2.607760e+001
4.975766e+000, 9.999997e-001, 9.248492e-004, 1.432663e+002, 1.000000e+000, 1.951186e+009, 9.247898e-010, 6.462514e-004, 6.462529e-004, 3.783903e-005, 9.927562e-001, 3.438019e+002, 9.138540e-002, 6.802283e-006, 1.933544e-006, 1.136976e-001, 8.701870e-006, 1.460941e-003, 2.117627e-004, 7.267745e-005, 3.603006e-001, 9.437231e-004, 6.918683e-009, 1.613933e-008, 1.491297e-012, 9.842094e-014, 2.389410e-015, 1.614944e-009, 9.824257e-012, 4.319098e-001, 1.324997e-001, 2.609140e+001
4.976023e+000, 9.999997e-001, 9.133516e-004, 1.450698e+002, 1.000000e+000, 2.530630e+009, 1.325670e-009, 6.944688e-004, 6.944709e-004, 3.915337e-005, 9.922331e-001, 3.483117e+002, 9.087483e-002, 9.088045e-006, 2.278314e-006, 1.136095e-001, 1.168880e-005, 1.613611e-003, 2.311287e-004, 7.769766e-005, 3.603355e-001, 1.081504e-003, 9.272336e-009, 1.862315e-008, 1.668771e-012, 1.260234e-013, 3.674439e-015, 1.861730e-009, 1.134957e-011, 4.321531e-001, 1.324997e-001, 2.610502e+001
4.976281e+000, 9.999997e-001, 9.011514e-004, 1.470338e+002, 1.000000e+000, 3.251868e+009, 1.898656e-009, 7.454842e-004, 7.454871e-004, 4.044695e-005, 9.916580e-001, 3.532088e+002, 9.037405e-002, 1.204215e-005, 2.690549e-006, 1.135030e-001, 1.555314e-005, 1.781307e-003, 2.507725e-004, 8.272685e-005, 3.603475e-001, 1.238114e-003, 1.232114e-008, 2.148528e-008, 1.867632e-012, 1.600485e-013, 5.655218e-015, 2.147582e-009, 1.311374e-011, 4.323922e-001, 1.324997e-001, 2.611845e+001
4.976539e+000, 9.999997e-001, 8.882758e-004, 1.491651e+002, 1.000000e+000, 4.137898e+009, 2.707700e-009, 7.991416e-004, 7.991457e-004, 4.171665e-005, 9.910270e-001, 3.585096e+002, 8.988437e-002, 1.582628e-005, 3.182200e-006, 1.133770e-001, 2.048899e-005, 1.964920e-003, 2.702756e-004, 8.769931e-005, 3.603344e-001, 1.415265e-003, 1.623256e-008, 2.477230e-008, 2.090135e-012, 2.009781e-013, 8.679443e-015, 2.477555e-009, 1.514867e-011, 4.326265e-001, 1.324997e-001, 2.613164e+001
4.976797e+000, 9.999997e-001, 8.747637e-004, 1.514692e+002, 1.000000e+000, 5.210792e+009, 3.857268e-009, 8.552396e-004, 8.552455e-004, 4.296155e-005, 9.903364e-001, 3.642275e+002, 8.940686e-002, 2.062886e-005, 3.766577e-006, 1.132304e-001, 2.670802e-005, 2.165273e-003, 2.891648e-004, 9.254830e-005, 3.602946e-001, 1.614614e-003, 2.120010e-008, 2.853363e-008, 2.339838e-012, 2.501058e-013, 1.332254e-014, 2.856955e-009, 1.749037e-011, 4.328554e-001, 1.324997e-001, 2.614457e+001
4.977312e+000, 9.999997e-001, 8.460951e-004, 1.566015e+002, 1.000000e+000, 7.939337e+009, 7.670714e-009, 9.723987e-004, 9.724104e-004, 4.536226e-005, 9.887686e-001, 3.769297e+002, 8.848996e-002, 3.391422e-005, 5.254889e-006, 1.128736e-001, 4.363032e-005, 2.617695e-003, 3.235767e-004, 1.016808e-004, 3.601310e-001, 2.083760e-003, 3.493437e-008, 3.761661e-008, 2.930032e-012, 3.739525e-013, 3.082138e-014, 3.778931e-009, 2.319892e-011, 4.332959e-001, 1.324997e-001, 2.616963e+001
4.977828e+000, 9.999997e-001, 8.157894e-004, 1.624191e+002, 1.000000e+000, 1.155961e+010, 1.502947e-008, 1.094632e-003, 1.094655e-003, 4.768677e-005, 9.869463e-001, 3.912905e+002, 8.762203e-002, 5.406186e-005, 7.278582e-006, 1.124317e-001, 6.796875e-005, 3.140432e-003, 3.502317e-004, 1.096965e-004, 3.598533e-001, 2.650244e-003, 5.560799e-008, 4.903430e-008, 3.675532e-012, 5.376842e-013, 7.025210e-014, 4.948712e-009, 3.051062e-011, 4.337129e-001, 1.324997e-001, 2.619362e+001
4.978344e+000, 9.999997e-001, 7.844723e-004, 1.689030e+002, 1.000000e+000, 1.603338e+010, 2.882541e-008, 1.220287e-003, 1.220332e-003, 4.999403e-005, 9.848613e-001, 4.072674e+002, 8.680092e-002, 8.343912e-005, 9.964816e-006, 1.119034e-001, 1.008120e-004, 3.735201e-003, 3.664574e-004, 1.163411e-004, 3.594586e-001, 3.318695e-003, 8.535069e-008, 6.312887e-008, 4.631094e-012, 7.471800e-013, 1.563956e-013, 6.403531e-009, 3.978742e-011, 4.341060e-001, 1.324997e-001, 2.621654e+001
4.979375e+000, 9.999997e-001, 7.213960e-004, 1.836713e+002, 1.000000e+000, 2.638344e+010, 9.514982e-008, 1.471014e-003, 1.471160e-003, 5.462917e-005, 9.799336e-001, 4.436063e+002, 8.527157e-002, 1.772577e-004, 1.765338e-005, 1.105988e-001, 1.918134e-004, 5.133619e-003, 3.645872e-004, 1.252886e-004, 3.583377e-001, 4.953197e-003, 1.770691e-007, 9.993952e-008, 7.394508e-012, 1.320154e-012, 6.854124e-013, 1.024871e-008, 6.531958e-011, 4.348282e-001, 1.324997e-001, 2.625969e+001
4.979891e+000, 9.999997e-001, 6.911155e-004, 1.917187e+002, 1.000000e+000, 3.196215e+010, 1.652345e-007, 1.600874e-003, 1.601128e-003, 5.720747e-005, 9.771712e-001, 4.634054e+002, 8.453228e-002, 2.486679e-004, 2.291432e-005, 1.098418e-001, 2.468684e-004, 5.926142e-003, 3.516471e-004, 1.279441e-004, 3.576484e-001, 5.887691e-003, 2.437094e-007, 1.225726e-007, 9.563063e-012, 1.726803e-012, 1.355186e-012, 1.269883e-008, 8.262700e-011, 4.351653e-001, 1.324997e-001, 2.628027e+001
4.980406e+000, 9.999997e-001, 6.620384e-004, 2.001391e+002, 1.000000e+000, 3.732138e+010, 2.759398e-007, 1.736558e-003, 1.736981e-003, 5.999400e-005, 9.742254e-001, 4.841273e+002, 8.380187e-002, 3.386253e-004, 2.926459e-005, 1.090177e-001, 3.056085e-004, 6.780550e-003, 3.326927e-004, 1.293707e-004, 3.568810e-001, 6.894979e-003, 3.245272e-007, 1.480629e-007, 1.250407e-011, 2.249708e-012, 2.557123e-012, 1.556449e-008, 1.038640e-010, 4.354879e-001, 1.324997e-001, 2.630031e+001
4.980922e+000, 9.999997e-001, 6.344490e-004, 2.088422e+002, 1.000000e+000, 4.223330e+010, 4.432360e-007, 1.880531e-003, 1.881211e-003, 6.299597e-005, 9.711308e-001, 5.055566e+002, 8.307044e-002, 4.486987e-004, 3.682571e-005, 1.081350e-001, 3.649938e-004, 7.692731e-003, 3.103674e-004, 1.296409e-004, 3.560506e-001, 7.961331e-003, 4.191769e-007, 1.759887e-007, 1.651704e-011, 2.938932e-012, 4.604048e-012, 1.889269e-008, 1.297484e-010, 4.357988e-001, 1.324997e-001, 2.631992e+001
4.981437e+000, 9.999997e-001, 6.085095e-004, 2.177447e+002, 1.000000e+000, 4.656462e+010, 6.854755e-007, 2.035661e-003, 2.036712e-003, 6.619977e-005, 9.679221e-001, 5.274932e+002, 8.232978e-002, 5.798852e-004, 4.576435e-005, 1.072028e-001, 4.223323e-004, 8.658431e-003, 2.868537e-004, 1.288200e-004, 3.551718e-001, 9.072764e-003, 5.267459e-007, 2.057256e-007, 2.200280e-011, 3.864313e-012, 7.917459e-012, 2.274091e-008, 1.611055e-010, 4.361001e-001, 1.324997e-001, 2.633918e+001
4.981953e+000, 9.999997e-001, 5.842833e-004, 2.267731e+002, 1.000000e+000, 5.026417e+010, 1.022554e-006, 2.204877e-003, 2.206444e-003, 6.957214e-005, 9.646319e-001, 5.497601e+002, 8.157365e-002, 7.326554e-004, 5.631487e-005, 1.062296e-001, 4.755540e-004, 9.673327e-003, 2.636896e-004, 1.269749e-004, 3.542578e-001, 1.021616e-002, 6.458712e-007, 2.364782e-007, 2.949058e-011, 5.121382e-012, 1.303161e-011, 2.717718e-008, 1.988842e-010, 4.363934e-001, 1.324997e-001, 2.635814e+001
4.982469e+000, 9.999997e-001, 5.617605e-004, 2.358652e+002, 1.000000e+000, 5.333963e+010, 1.474908e-006, 2.390968e-003, 2.393230e-003, 7.306281e-005, 9.612889e-001, 5.722070e+002, 8.079770e-002, 9.070441e-004, 6.879821e-005, 1.052231e-001, 5.233060e-004, 1.073308e-002, 2.418065e-004, 1.241828e-004, 3.533199e-001, 1.137998e-002, 7.749277e-007, 2.673297e-007, 3.966839e-011, 6.837827e-012, 2.058771e-011, 3.227938e-008, 2.441752e-010, 4.366800e-001, 1.324997e-001, 2.637682e+001
4.982984e+000, 9.999997e-001, 5.408819e-004, 2.449698e+002, 1.000000e+000, 5.583455e+010, 2.062515e-006, 2.596527e-003, 2.599689e-003, 7.660760e-005, 9.579169e-001, 5.947091e+002, 7.999920e-002, 1.102757e-003, 8.363581e-005, 1.041901e-001, 5.649041e-004, 1.183341e-002, 2.216690e-004, 1.205346e-004, 3.523671e-001, 1.255464e-002, 9.121893e-007, 2.973016e-007, 5.341242e-011, 9.177134e-012, 3.131953e-011, 3.813460e-008, 2.982260e-010, 4.369608e-001, 1.324997e-001, 2.639521e+001
4.983500e+000, 9.999997e-001, 5.215584e-004, 2.540459e+002, 1.000000e+000, 5.781070e+010, 2.804039e-006, 2.823960e-003, 2.828259e-003, 8.013231e-005, 9.545346e-001, 6.171656e+002, 7.917672e-002, 1.319277e-003, 1.013583e-004, 1.031360e-001, 6.002090e-004, 1.297012e-002, 2.034297e-004, 1.161340e-004, 3.514065e-001, 1.373258e-002, 1.055946e-006, 3.254164e-007, 7.182518e-011, 1.235031e-011, 4.603335e-011, 4.483896e-008, 3.624643e-010, 4.372362e-001, 1.324997e-001, 2.641330e+001
4.984016e+000, 9.999997e-001, 5.036846e-004, 2.630609e+002, 1.000000e+000, 5.933627e+010, 3.716149e-006, 3.075544e-003, 3.081241e-003, 8.355637e-005, 9.511561e-001, 6.394967e+002, 7.832985e-002, 1.555947e-003, 1.226092e-004, 1.020650e-001, 6.294809e-004, 1.413925e-002, 1.870562e-004, 1.110938e-004, 3.504431e-001, 1.490816e-002, 1.204573e-006, 3.507563e-007, 9.626986e-011, 1.662392e-011, 6.558487e-011, 5.249775e-008, 4.385174e-010, 4.375068e-001, 1.324997e-001, 2.643109e+001
4.984531e+000, 9.999997e-001, 4.871494e-004, 2.719900e+002, 1.000000e+000, 6.047870e+010, 4.813229e-006, 3.353480e-003, 3.360860e-003, 8.679668e-005, 9.477910e-001, 6.616399e+002, 7.745884e-002, 1.812043e-003, 1.481440e-004, 1.009801e-001, 6.532474e-004, 1.533713e-002, 1.724196e-004, 1.055323e-004, 3.494804e-001, 1.607748e-002, 1.356543e-006, 3.725132e-007, 1.284055e-010, 2.233092e-011, 9.085915e-011, 6.122604e-008, 5.282351e-010, 4.377728e-001, 1.324997e-001, 2.644855e+001
4.985562e+000, 9.999997e-001, 4.576210e-004, 2.895403e+002, 1.000000e+000, 6.184921e+010, 7.607751e-006, 3.988461e-003, 4.000125e-003, 9.252545e-005, 9.411165e-001, 7.052354e+002, 7.564770e-002, 2.380010e-003, 2.145344e-004, 9.877418e-002, 6.864827e-004, 1.780901e-002, 1.477746e-004, 9.321224e-005, 3.475622e-001, 1.839119e-002, 1.665707e-006, 4.034705e-007, 2.214914e-010, 3.923422e-011, 1.621784e-010, 8.223382e-008, 7.543940e-010, 4.382915e-001, 1.324997e-001, 2.648245e+001
4.986078e+000, 9.999997e-001, 4.444372e-004, 2.981293e+002, 1.000000e+000, 6.217551e+010, 9.316942e-006, 4.350866e-003, 4.365151e-003, 9.473453e-005, 9.378106e-001, 7.266062e+002, 7.471145e-002, 2.689735e-003, 2.579168e-004, 9.765639e-002, 6.980029e-004, 1.907304e-002, 1.372917e-004, 8.680868e-005, 3.466079e-001, 1.953440e-002, 1.819869e-006, 4.120743e-007, 2.889162e-010, 5.177117e-011, 2.098951e-010, 9.480101e-008, 8.959159e-010, 4.385447e-001, 1.324997e-001, 2.649888e+001
4.986594e+000, 9.999997e-001, 4.321820e-004, 3.065832e+002, 1.000000e+000, 6.233155e+010, 1.124024e-005, 4.747964e-003, 4.765198e-003, 9.646651e-005, 9.345252e-001, 7.476636e+002, 7.375550e-002, 3.016066e-003, 3.094393e-004, 9.652775e-002, 7.068559e-004, 2.035461e-002, 1.279091e-004, 8.033707e-005, 3.456563e-001, 2.066866e-002, 1.972641e-006, 4.157387e-007, 3.739299e-010, 6.778750e-011, 2.667632e-010, 1.089848e-007, 1.060697e-009, 4.387940e-001, 1.324997e-001, 2.651496e+001
4.987625e+000, 9.999997e-001, 4.101123e-004, 3.230816e+002, 1.000000e+000, 6.225955e+010, 1.573181e-005, 5.646013e-003, 5.670133e-003, 9.843560e-005, 9.280044e-001, 7.888204e+002, 7.178938e-002, 3.716517e-003, 4.401213e-004, 9.423460e-002, 7.189651e-004, 2.296523e-002, 1.119251e-004, 6.747248e-005, 3.437569e-001, 2.291514e-002, 2.270761e-006, 4.088184e-007, 6.066497e-010, 1.124394e-010, 4.110252e-010, 1.426725e-007, 1.468956e-009, 4.392809e-001, 1.324997e-001, 2.654600e+001
4.988656e+000, 9.999997e-001, 3.908102e-004, 3.390386e+002, 1.000000e+000, 6.181810e+010, 2.105730e-005, 6.686024e-003, 6.718309e-003, 9.819650e-005, 9.215131e-001, 8.287034e+002, 6.976326e-002, 4.475832e-003, 6.147585e-004, 9.188588e-002, 7.281999e-004, 2.562512e-002, 9.877245e-005, 5.530646e-005, 3.418484e-001, 2.514825e-002, 2.552779e-006, 3.868304e-007, 9.488423e-010, 1.795289e-010, 6.004379e-010, 1.843918e-007, 2.000743e-009, 4.397530e-001, 1.324997e-001, 2.657560e+001
4.989687e+000, 9.999997e-001, 3.738077e-004, 3.544597e+002, 1.000000e+000, 6.115473e+010, 2.716251e-005, 7.880673e-003, 7.922318e-003, 9.578198e-005, 9.150096e-001, 8.673160e+002, 6.768701e-002, 5.289963e-003, 8.410410e-004, 8.946857e-002, 7.383661e-004, 2.832659e-002, 8.781677e-005, 4.426977e-005, 3.399153e-001, 2.738590e-002, 2.813448e-006, 3.541519e-007, 1.433322e-009, 2.758189e-010, 8.395924e-010, 2.355973e-007, 2.684927e-009, 4.402117e-001, 1.324997e-001, 2.660380e+001
4.990719e+000, 9.999997e-001, 3.587290e-004, 3.693589e+002, 1.000000e+000, 6.036094e+010, 3.396755e-005, 9.240381e-003, 9.292461e-003, 9.140579e-005, 9.084514e-001, 9.046844e+002, 6.557027e-002, 6.155004e-003, 1.125166e-003, 8.696962e-002, 7.524822e-004, 3.106348e-002, 7.856700e-005, 3.462866e-005, 3.379419e-001, 2.964673e-002, 3.048750e-006, 3.155806e-007, 2.094687e-009, 4.080731e-010, 1.132094e-009, 2.978630e-007, 3.553320e-009, 4.406585e-001, 1.324997e-001, 2.663064e+001
4.991750e+000, 9.999997e-001, 3.452725e-004, 3.837541e+002, 1.000000e+000, 5.949060e+010, 4.137368e-005, 1.077259e-002, 1.083602e-002, 8.540919e-005, 9.017991e-001, 9.408457e+002, 6.342278e-002, 7.066985e-003, 1.471147e-003, 8.437810e-002, 7.728063e-004, 3.382969e-002, 7.065575e-005, 2.649946e-005, 3.359139e-001, 3.194848e-002, 3.255986e-006, 2.753953e-007, 2.967038e-009, 5.824081e-010, 1.480551e-009, 3.728442e-007, 4.639222e-009, 4.410951e-001, 1.324997e-001, 2.665622e+001
4.992781e+000, 9.999997e-001, 3.331956e-004, 3.976636e+002, 1.000000e+000, 5.857235e+010, 4.926982e-005, 1.248104e-002, 1.255658e-002, 7.820215e-005, 8.950186e-001, 9.758402e+002, 6.125479e-002, 8.021703e-003, 1.880285e-003, 8.168682e-002, 8.009209e-004, 3.661792e-002, 6.380883e-005, 1.987293e-005, 3.338193e-001, 3.430687e-002, 3.433814e-006, 2.368032e-007, 4.081586e-009, 8.036952e-010, 1.886576e-009, 4.622241e-007, 5.975249e-009, 4.415235e-001, 1.324997e-001, 2.668063e+001
4.993812e+000, 9.999997e-001, 3.223017e-004, 4.111047e+002, 1.000000e+000, 5.761835e+010, 5.753861e-005, 1.436527e-002, 1.445348e-002, 7.021269e-005, 8.880829e-001, 1.009708e+003, 5.907734e-002, 9.014616e-003, 2.350852e-003, 7.889348e-002, 8.378214e-004, 3.941886e-002, 5.782050e-005, 1.464481e-005, 3.316492e-001, 3.673492e-002, 3.582199e-006, 2.017932e-007, 5.464478e-009, 1.075101e-009, 2.350809e-009, 5.676493e-007, 7.590548e-009, 4.419461e-001, 1.324997e-001, 2.670401e+001
4.994844e+000, 9.999997e-001, 3.124402e-004, 4.240803e+002, 1.000000e+000, 5.663587e+010, 6.605610e-005, 1.642022e-002, 1.652150e-002, 6.184926e-005, 8.809722e-001, 1.042456e+003, 5.690184e-002, 1.004072e-002, 2.878001e-003, 7.600130e-002, 8.839974e-004, 4.222062e-002, 5.253745e-005, 1.064853e-005, 3.293975e-001, 3.924279e-002, 3.702347e-006, 1.712914e-007, 7.135047e-009, 1.397775e-009, 2.872694e-009, 6.906590e-007, 9.507654e-009, 4.423654e-001, 1.324997e-001, 2.672655e+001
4.995875e+000, 9.999997e-001, 3.034853e-004, 4.365936e+002, 1.000000e+000, 5.562471e+010, 7.470085e-005, 1.863629e-002, 1.875083e-002, 5.347645e-005, 8.736744e-001, 1.074096e+003, 5.474056e-002, 1.109466e-002, 3.453955e-003, 7.301893e-002, 9.395076e-004, 4.500882e-002, 4.784119e-005, 7.685793e-006, 3.270615e-001, 4.183750e-002, 3.796311e-006, 1.454421e-007, 9.104611e-009, 1.770782e-009, 3.450649e-009, 8.326129e-007, 1.173922e-008, 4.427842e-001, 1.324997e-001, 2.674846e+001
4.996906e+000, 9.999997e-001, 2.953312e-004, 4.486479e+002, 1.000000e+000, 5.458033e+010, 8.335960e-005, 2.099960e-002, 2.112740e-002, 4.539988e-005, 8.661846e-001, 1.104638e+003, 5.260648e-002, 1.217076e-002, 4.068411e-003, 6.996010e-002, 1.004068e-003, 4.776681e-002, 4.363890e-005, 5.552461e-006, 3.246412e-001, 4.452291e-002, 3.866694e-006, 1.239149e-007, 1.137574e-008, 2.191196e-009, 4.082200e-009, 9.946217e-007, 1.428508e-008, 4.432050e-001, 1.324997e-001, 2.676995e+001
4.997937e+000, 9.999997e-001, 2.878893e-004, 4.602455e+002, 1.000000e+000, 5.349725e+010, 9.192944e-005, 2.349245e-002, 2.363340e-002, 3.785809e-005, 8.585049e-001, 1.134096e+003, 5.051276e-002, 1.326310e-002, 4.709095e-003, 6.684282e-002, 1.077143e-003, 5.047625e-002, 3.985745e-005, 4.057637e-006, 3.221393e-001, 4.730000e-002, 3.916389e-006, 1.061572e-007, 1.394196e-008, 2.654308e-009, 4.764030e-009, 1.177488e-006, 1.713003e-008, 4.436304e-001, 1.324997e-001, 2.679127e+001
4.998969e+000, 9.999997e-001, 2.810845e-004, 4.713877e+002, 1.000000e+000, 5.237082e+010, 1.003200e-004, 2.609416e-002, 2.624797e-002, 3.101981e-005, 8.506431e-001, 1.162479e+003, 4.847245e-002, 1.436559e-002, 5.362442e-003, 6.368841e-002, 1.158031e-003, 5.311785e-002, 3.643875e-005, 3.035468e-006, 3.195606e-001, 5.016705e-002, 3.948337e-006, 9.156160e-008, 1.678771e-008, 3.153911e-009, 5.492094e-009, 1.381663e-006, 2.024267e-008, 4.440626e-001, 1.324997e-001, 2.681267e+001
5.000000e+000, 9.999997e-001, 2.748527e-004, 4.820755e+002, 1.000000e+000, 5.119825e+010, 1.084547e-004, 2.878188e-002, 2.894816e-002, 2.498596e-005, 8.426125e-001, 1.189799e+003, 4.649799e-002, 1.547211e-002, 6.014321e-003, 6.052031e-002, 1.245935e-003, 5.567216e-002, 3.333627e-005, 2.350443e-006, 3.169121e-001, 5.311999e-002, 3.965349e-006, 7.955791e-008, 1.988865e-008, 3.682628e-009, 6.261739e-009, 1.607216e-006, 2.357553e-008, 4.445037e-001, 1.324997e-001, 2.683438e+001
5.001031e+000, 9.999997e-001, 2.691385e-004, 4.923106e+002, 1.000000e+000, 4.997915e+010, 1.162708e-004, 3.153157e-002, 3.170984e-002, 1.979606e-005, 8.344309e-001, 1.216067e+003, 4.460088e-002, 1.657658e-002, 6.650767e-003, 5.736289e-002, 1.340025e-003, 5.812041e-002, 3.051248e-005, 1.897654e-006, 3.142020e-001, 5.615272e-002, 3.969993e-006, 6.965279e-008, 2.321210e-008, 4.232264e-009, 7.067837e-009, 1.853830e-006, 2.706660e-008, 4.449554e-001, 1.324997e-001, 2.685663e+001
5.002063e+000, 9.999997e-001, 2.638936e-004, 5.020953e+002, 1.000000e+000, 4.871567e+010, 1.237193e-004, 3.431896e-002, 3.450865e-002, 1.543809e-005, 8.261195e-001, 1.241299e+003, 4.279132e-002, 1.767305e-002, 7.258644e-003, 5.424038e-002, 1.439474e-003, 6.044533e-002, 2.793687e-005, 1.599742e-006, 3.114398e-001, 5.925744e-002, 3.964523e-006, 6.143817e-008, 2.671778e-008, 4.794148e-009, 7.904904e-009, 2.120810e-006, 3.064215e-008, 4.454188e-001, 1.324997e-001, 2.687964e+001
5.003094e+000, 9.999997e-001, 2.590755e-004, 5.114329e+002, 1.000000e+000, 4.741223e+010, 1.307638e-004, 3.712042e-002, 3.732091e-002, 1.186067e-005, 8.177028e-001, 1.265509e+003, 4.107797e-002, 1.875581e-002, 7.826214e-003, 5.117580e-002, 1.543487e-003, 6.263175e-002, 2.558439e-005, 1.402161e-006, 3.086359e-001, 6.242491e-002, 3.950866e-006, 5.458479e-008, 3.035883e-008, 5.359464e-009, 8.767227e-009, 2.407111e-006, 3.422052e-008, 4.458947e-001, 1.324997e-001, 2.690357e+001
5.004125e+000, 9.999997e-001, 2.546464e-004, 5.203284e+002, 1.000000e+000, 4.607510e+010, 1.373793e-004, 3.991370e-002, 4.012433e-002, 8.985808e-006, 8.092075e-001, 1.288717e+003, 3.946774e-002, 1.981943e-002, 8.343578e-003, 4.819022e-002, 1.651308e-003, 6.466710e-002, 2.343421e-005, 1.268003e-006, 3.058010e-001, 6.564479e-002, 3.930627e-006, 4.883022e-008, 3.408302e-008, 5.919550e-009, 9.648964e-009, 2.711377e-006, 3.771658e-008, 4.463834e-001, 1.324997e-001, 2.692856e+001
5.005156e+000, 9.999997e-001, 2.505725e-004, 5.287881e+002, 1.000000e+000, 4.471181e+010, 1.435508e-004, 4.267861e-002, 4.289870e-002, 6.721014e-006, 8.006619e-001, 1.310941e+003, 3.796573e-002, 2.085884e-002, 8.802959e-003, 4.530217e-002, 1.762222e-003, 6.654174e-002, 2.146878e-005, 1.173226e-006, 3.029462e-001, 6.890585e-002, 3.905121e-006, 4.396631e-008, 3.783437e-008, 6.466163e-009, 1.054425e-008, 3.031996e-006, 4.104640e-008, 4.468845e-001, 1.324997e-001, 2.695471e+001
5.006188e+000, 9.999997e-001, 2.468235e-004, 5.368198e+002, 1.000000e+000, 4.333058e+010, 1.492718e-004, 4.539741e-002, 4.562627e-002, 4.969423e-006, 7.920957e-001, 1.332204e+003, 3.657523e-002, 2.186936e-002, 9.198839e-003, 4.252725e-002, 1.875549e-003, 6.824909e-002, 1.967300e-005, 1.102685e-006, 3.000828e-001, 7.219620e-002, 3.875412e-006, 3.982798e-008, 4.155478e-008, 6.991690e-009, 1.144726e-008, 3.367157e-006, 4.413159e-008, 4.473975e-001, 1.324997e-001, 2.698207e+001
5.007219e+000, 9.999997e-001, 2.433722e-004, 5.444326e+002, 1.000000e+000, 4.193969e+010, 1.545430e-004, 4.805517e-002, 4.829212e-002, 3.637481e-006, 7.835391e-001, 1.352527e+003, 3.529775e-002, 2.284679e-002, 9.527940e-003, 3.987804e-002, 1.990633e-003, 6.978562e-002, 1.803369e-005, 1.047097e-006, 2.972219e-001, 7.550351e-002, 3.842355e-006, 3.628374e-008, 4.518598e-008, 7.489295e-009, 1.235233e-008, 3.714907e-006, 4.690290e-008, 4.479210e-001, 1.324997e-001, 2.701065e+001
5.008250e+000, 9.999997e-001, 2.401938e-004, 5.516369e+002, 1.000000e+000, 4.054677e+010, 1.593707e-004, 5.063989e-002, 5.088424e-002, 2.640065e-006, 7.750229e-001, 1.371935e+003, 3.413319e-002, 2.378738e-002, 9.789071e-003, 3.736416e-002, 2.106824e-003, 7.115066e-002, 1.653892e-005, 1.000866e-006, 2.943744e-001, 7.881513e-002, 3.806657e-006, 3.322724e-008, 4.867130e-008, 7.952919e-009, 1.325395e-008, 4.073220e-006, 4.930290e-008, 4.484536e-001, 1.324997e-001, 2.704042e+001
5.010313e+000, 9.999997e-001, 2.345682e-004, 5.648665e+002, 1.000000e+000, 3.779263e+010, 1.677451e-004, 5.557349e-002, 5.583068e-002, 1.396321e-006, 7.581971e-001, 1.408104e+003, 3.213722e-002, 2.554917e-002, 1.011008e-002, 3.275957e-002, 2.340586e-003, 7.337473e-002, 1.394032e-005, 9.260571e-007, 2.887491e-001, 8.541552e-002, 3.729622e-006, 2.829281e-008, 5.504845e-008, 8.761749e-009, 1.502860e-008, 4.815537e-006, 5.286355e-008, 4.495404e-001, 1.324997e-001, 2.710330e+001
5.012375e+000, 9.999997e-001, 2.297444e-004, 5.767268e+002, 1.000000e+000, 3.508614e+010, 1.745892e-004, 6.011422e-002, 6.038190e-002, 7.326817e-007, 7.418539e-001, 1.441168e+003, 3.055030e-002, 2.713543e-002, 1.019861e-002, 2.869316e-002, 2.571981e-003, 7.500938e-002, 1.177910e-005, 8.626865e-007, 2.832824e-001, 9.189770e-002, 3.646467e-006, 2.446071e-008, 6.038719e-008, 9.402108e-009, 1.673963e-008, 5.574603e-006, 5.480254e-008, 4.506390e-001, 1.324997e-001, 2.716926e+001
5.014437e+000, 9.999997e-001, 2.255921e-004, 5.873422e+002, 1.000000e+000, 3.246792e+010, 1.800575e-004, 6.426159e-002, 6.453766e-002, 3.889097e-007, 7.261800e-001, 1.471361e+003, 2.933216e-002, 2.853493e-002, 1.009319e-002, 2.514606e-002, 2.796759e-003, 7.612657e-002, 9.988401e-006, 8.064488e-007, 2.780365e-001, 9.818008e-002, 3.559517e-006, 2.143363e-008, 6.450937e-008, 9.867501e-009, 1.835789e-008, 6.336818e-006, 5.521805e-008, 4.517329e-001, 1.324997e-001, 2.723712e+001
5.016500e+000, 9.999997e-001, 2.220020e-004, 5.968403e+002, 1.000000e+000, 2.996549e+010, 1.843162e-004, 6.803749e-002, 6.832008e-002, 2.136854e-007, 7.113305e-001, 1.498915e+003, 2.843495e-002, 2.974370e-002, 9.838972e-003, 2.207952e-002, 3.011036e-003, 7.681118e-002, 8.508377e-006, 7.553853e-007, 2.730624e-001, 1.041921e-001, 3.470606e-006, 1.900205e-008, 6.735986e-008, 1.016484e-008, 1.986101e-008, 7.090787e-006, 5.434929e-008, 4.528061e-001, 1.324997e-001, 2.730561e+001
5.018562e+000, 9.999997e-001, 2.188826e-004, 6.053462e+002, 1.000000e+000, 2.759756e+010, 1.875308e-004, 7.147762e-002, 7.176514e-002, 1.244556e-007, 6.974246e-001, 1.524055e+003, 2.780830e-002, 3.076406e-002, 9.480559e-003, 1.944456e-002, 3.211608e-003, 7.715100e-002, 7.286676e-006, 7.085243e-007, 2.683998e-001, 1.098763e-001, 3.381231e-006, 1.702023e-008, 6.899279e-008, 1.031119e-008, 2.123349e-008, 7.827574e-006, 5.250699e-008, 4.538444e-001, 1.324997e-001, 2.737348e+001
5.020625e+000, 9.999997e-001, 2.161573e-004, 6.129783e+002, 1.000000e+000, 2.537639e+010, 1.898584e-004, 7.462436e-002, 7.491545e-002, 7.825069e-008, 6.845440e-001, 1.547000e+003, 2.740314e-002, 3.160347e-002, 9.057451e-003, 1.718920e-002, 3.396161e-003, 7.722944e-002, 6.278335e-006, 6.653566e-007, 2.640764e-001, 1.151896e-001, 3.292645e-006, 1.538506e-008, 6.954206e-008, 1.032977e-008, 2.246631e-008, 8.540652e-006, 5.001197e-008, 4.548362e-001, 1.324997e-001, 2.743963e+001
5.022687e+000, 9.999997e-001, 2.137624e-004, 6.198458e+002, 1.000000e+000, 2.330918e+010, 1.914425e-004, 7.752139e-002, 7.781491e-002, 5.344441e-008, 6.727352e-001, 1.567952e+003, 2.717427e-002, 3.227314e-002, 8.601863e-003, 1.526309e-002, 3.563348e-003, 7.712086e-002, 5.445405e-006, 6.255964e-007, 2.601085e-001, 1.201033e-001, 3.205877e-006, 1.402197e-008, 6.918719e-008, 1.024625e-008, 2.355620e-008, 9.225644e-006, 4.715221e-008, 4.557730e-001, 1.324997e-001, 2.750315e+001
5.024750e+000, 9.999997e-001, 2.116452e-004, 6.260466e+002, 1.000000e+000, 2.139900e+010, 1.924110e-004, 8.021013e-002, 8.050513e-002, 3.937734e-008, 6.620126e-001, 1.587104e+003, 2.708174e-002, 3.278682e-002, 8.138322e-003, 1.362004e-002, 3.712736e-003, 7.688835e-002, 4.756311e-006, 5.890556e-007, 2.565027e-001, 1.246018e-001, 3.121740e-006, 1.287571e-008, 6.812309e-008, 1.008587e-008, 2.450459e-008, 9.879958e-006, 4.416034e-008, 4.566489e-001, 1.324997e-001, 2.756335e+001
5.026812e+000, 9.999997e-001, 2.097619e-004, 6.316674e+002, 1.000000e+000, 1.964548e+010, 1.928749e-004, 8.272771e-002, 8.302343e-002, 3.083069e-008, 6.523644e-001, 1.604632e+003, 2.709148e-002, 3.315964e-002, 7.684349e-003, 1.221909e-002, 3.844659e-003, 7.658319e-002, 4.185075e-006, 5.555765e-007, 2.532566e-001, 1.286815e-001, 3.040835e-006, 1.190447e-008, 6.653766e-008, 9.871576e-009, 2.531658e-008, 1.050240e-005, 4.120765e-008, 4.574610e-001, 1.324997e-001, 2.761977e+001
5.028875e+000, 9.999997e-001, 2.080765e-004, 6.367839e+002, 1.000000e+000, 1.804551e+010, 1.929296e-004, 8.510607e-002, 8.540188e-002, 2.524115e-008, 6.437583e-001, 1.620694e+003, 2.717516e-002, 3.340722e-002, 7.251660e-003, 1.102469e-002, 3.960019e-003, 7.624550e-002, 3.710482e-006, 5.250002e-007, 2.503611e-001, 1.323478e-001, 2.963569e-006, 1.107600e-008, 6.459836e-008, 9.622998e-009, 2.599985e-008, 1.109279e-005, 3.840907e-008, 4.582084e-001, 1.324997e-001, 2.767210e+001
5.030937e+000, 9.999997e-001, 2.065593e-004, 6.414609e+002, 1.000000e+000, 1.659390e+010, 1.926559e-004, 8.737185e-002, 8.766723e-002, 2.132751e-008, 6.361480e-001, 1.635436e+003, 2.730984e-002, 3.354497e-002, 6.847483e-003, 1.000642e-002, 4.060083e-003, 7.590562e-002, 3.315298e-006, 4.971556e-007, 2.478021e-001, 1.356129e-001, 2.890190e-006, 1.036507e-008, 6.244616e-008, 9.356209e-009, 2.656372e-008, 1.165162e-005, 3.583376e-008, 4.588921e-001, 1.324997e-001, 2.772022e+001
5.033000e+000, 9.999997e-001, 2.051862e-004, 6.457537e+002, 1.000000e+000, 1.528405e+010, 1.921228e-004, 8.954676e-002, 8.984133e-002, 1.842067e-008, 6.294794e-001, 1.648985e+003, 2.747731e-002, 3.358755e-002, 6.475815e-003, 9.138538e-003, 4.146288e-003, 7.558567e-002, 2.985558e-006, 4.718577e-007, 2.455626e-001, 1.384935e-001, 2.820816e-006, 9.751554e-009, 6.019498e-008, 9.084021e-009, 2.701837e-008, 1.217975e-005, 3.351744e-008, 4.595141e-001, 1.324997e-001, 2.776405e+001
5.037125e+000, 9.999997e-001, 2.028045e-004, 6.533373e+002, 1.000000e+000, 1.306577e+010, 1.904442e-004, 9.369626e-002, 9.398825e-002, 1.445328e-008, 6.187881e-001, 1.672851e+003, 2.786820e-002, 3.342849e-002, 5.835307e-003, 7.788010e-003, 4.281544e-003, 7.505249e-002, 2.485050e-006, 4.282180e-007, 2.419866e-001, 1.431573e-001, 2.693971e-006, 8.759992e-009, 5.566205e-008, 8.556475e-009, 2.762945e-008, 1.314726e-005, 2.970209e-008, 4.605831e-001, 1.324997e-001, 2.783895e+001
5.041250e+000, 9.999997e-001, 2.007716e-004, 6.599527e+002, 1.000000e+000, 1.126410e+010, 1.882066e-004, 9.763735e-002, 9.792591e-002, 1.173724e-008, 6.107107e-001, 1.693552e+003, 2.826532e-002, 3.304433e-002, 5.308818e-003, 6.777643e-003, 4.380851e-003, 7.469445e-002, 2.122324e-006, 3.917612e-007, 2.393093e-001, 1.467300e-001, 2.580236e-006, 7.987248e-009, 5.141106e-008, 8.072787e-009, 2.794546e-008, 1.402171e-005, 2.675495e-008, 4.614701e-001, 1.324997e-001, 2.790095e+001
5.045375e+000, 9.999997e-001, 1.990080e-004, 6.658012e+002, 1.000000e+000, 9.805971e+009, 1.856226e-004, 1.014154e-001, 1.017000e-001, 9.773518e-009, 6.047316e-001, 1.711685e+003, 2.863312e-002, 3.250736e-002, 4.879128e-003, 6.016265e-003, 4.453107e-003, 7.451429e-002, 1.855839e-006, 3.611846e-007, 2.373570e-001, 1.494144e-001, 2.478196e-006, 7.374123e-009, 4.758297e-008, 7.645370e-009, 2.803628e-008, 1.481501e-005, 2.451456e-008, 4.622056e-001, 1.324997e-001, 2.795197e+001
5.049500e+000, 9.999997e-001, 1.974585e-004, 6.710256e+002, 1.000000e+000, 8.627625e+009, 1.828393e-004, 1.050467e-001, 1.053270e-001, 8.293428e-009, 6.003988e-001, 1.727705e+003, 2.895512e-002, 3.187355e-002, 4.528293e-003, 5.436304e-003, 4.505124e-003, 7.449394e-002, 1.656877e-006, 3.353724e-007, 2.359752e-001, 1.513939e-001, 2.386397e-006, 6.879242e-009, 4.421384e-008, 7.275035e-009, 2.796052e-008, 1.553697e-005, 2.282157e-008, 4.628186e-001, 1.324997e-001, 2.799392e+001
5.059169e+000, 9.999997e-001, 1.944982e-004, 6.812389e+002, 1.000000e+000, 6.731963e+009, 1.759119e-004, 1.130357e-001, 1.133054e-001, 6.004794e-009, 5.951947e-001, 1.758353e+003, 2.950792e-002, 3.017447e-002, 3.950827e-003, 4.588154e-003, 4.567921e-003, 7.497164e-002, 1.370047e-006, 2.891999e-007, 2.344575e-001, 1.538848e-001, 2.204750e-006, 6.043513e-009, 3.804850e-008, 6.622065e-009, 2.731909e-008, 1.697833e-005, 2.047340e-008, 4.638759e-001, 1.324997e-001, 2.806337e+001
5.068838e+000, 9.999997e-001, 1.921013e-004, 6.897388e+002, 1.000000e+000, 5.473373e+009, 1.689217e-004, 1.203094e-001, 1.205683e-001, 4.568540e-009, 5.930142e-001, 1.783480e+003, 2.985919e-002, 2.846238e-002, 3.539760e-003, 4.050353e-003, 4.587138e-003, 7.577778e-002, 1.192330e-006, 2.547098e-007, 2.339875e-001, 1.550487e-001, 2.052541e-006, 5.460663e-009, 3.340344e-008, 6.124246e-009, 2.642205e-008, 1.820073e-005, 1.910303e-008, 4.646654e-001, 1.324997e-001, 2.811362e+001
5.088176e+000, 9.999997e-001, 1.885396e-004, 7.027688e+002, 1.000000e+000, 4.022417e+009, 1.557060e-004, 1.324949e-001, 1.327336e-001, 3.002926e-009, 5.927205e-001, 1.821640e+003, 3.015171e-002, 2.536993e-002, 2.991442e-003, 3.434593e-003, 4.547033e-003, 7.771362e-002, 9.922217e-007, 2.074708e-007, 2.344298e-001, 1.555484e-001, 1.813205e-006, 4.725824e-009, 2.710881e-008, 5.412943e-009, 2.443240e-008, 2.010798e-005, 1.778534e-008, 4.657903e-001, 1.324997e-001, 2.818274e+001
5.107514e+000, 9.999997e-001, 1.858306e-004, 7.130134e+002, 1.000000e+000, 3.141101e+009, 1.439053e-004, 1.424661e-001, 1.426868e-001, 2.178255e-009, 5.935001e-001, 1.851620e+003, 3.024753e-002, 2.280322e-002, 2.585995e-003, 3.010303e-003, 4.457967e-003, 7.953232e-002, 8.591924e-007, 1.745245e-007, 2.351732e-001, 1.555125e-001, 1.623389e-006, 4.264649e-009, 2.282052e-008, 4.858828e-009, 2.257926e-008, 2.161986e-005, 1.694265e-008, 4.666527e-001, 1.324997e-001, 2.823497e+001
5.126852e+000, 9.999997e-001, 1.836984e-004, 7.212895e+002, 1.000000e+000, 2.546668e+009, 1.335694e-004, 1.506226e-001, 1.508273e-001, 1.701885e-009, 5.943598e-001, 1.875926e+003, 3.026823e-002, 2.069445e-002, 2.263863e-003, 2.676695e-003, 4.343106e-003, 8.111138e-002, 7.580617e-007, 1.502132e-007, 2.358726e-001, 1.553867e-001, 1.469453e-006, 3.956465e-009, 1.975256e-008, 4.405990e-009, 2.094461e-008, 2.284355e-005, 1.625294e-008, 4.673577e-001, 1.324997e-001, 2.827738e+001
5.165527e+000, 9.999997e-001, 1.807294e-004, 7.331390e+002, 1.000000e+000, 1.814567e+009, 1.170723e-004, 1.622353e-001, 1.624148e-001, 1.227771e-009, 5.954514e-001, 1.911212e+003, 3.023213e-002, 1.757910e-002, 1.793329e-003, 2.178329e-003, 4.087551e-003, 8.348615e-002, 6.128424e-007, 1.179828e-007, 2.368712e-001, 1.552900e-001, 1.244465e-006, 3.598244e-009, 1.584932e-008, 3.731284e-009, 1.835125e-008, 2.459604e-005, 1.507452e-008, 4.684556e-001, 1.324997e-001, 2.834364e+001
5.204203e+000, 9.999997e-001, 1.785842e-004, 7.419454e+002, 1.000000e+000, 1.355990e+009, 1.039678e-004, 1.707424e-001, 1.709018e-001, 9.903676e-010, 5.960821e-001, 1.937656e+003, 3.019497e-002, 1.526777e-002, 1.448169e-003, 1.795659e-003, 3.826214e-003, 8.528019e-002, 5.052231e-007, 9.623939e-008, 2.375585e-001, 1.552997e-001, 1.077556e-006, 3.392924e-009, 1.337626e-008, 3.234667e-009, 1.630102e-008, 2.589201e-005, 1.398789e-008, 4.693012e-001, 1.324997e-001, 2.839474e+001
5.242879e+000, 9.999997e-001, 1.769679e-004, 7.487220e+002, 1.000000e+000, 1.048050e+009, 9.335568e-005, 1.772059e-001, 1.773490e-001, 8.573321e-010, 5.964660e-001, 1.958139e+003, 3.016914e-002, 1.348430e-002, 1.188926e-003, 1.497580e-003, 3.576280e-003, 8.667510e-002, 4.230904e-007, 8.064756e-008, 2.380564e-001, 1.553543e-001, 9.491201e-007, 3.266650e-009, 1.170800e-008, 2.865494e-009, 1.464408e-008, 2.688486e-005, 1.300149e-008, 4.699696e-001, 1.324997e-001, 2.843518e+001
5.281555e+000, 9.999997e-001, 1.757129e-004, 7.540697e+002, 1.000000e+000, 8.318895e+008, 8.462834e-005, 1.822596e-001, 1.823893e-001, 7.770891e-010, 5.967215e-001, 1.974384e+003, 3.015376e-002, 1.206880e-002, 9.906554e-004, 1.263136e-003, 3.344997e-003, 8.778585e-002, 3.591810e-007, 6.898104e-008, 2.384357e-001, 1.554203e-001, 8.475788e-007, 3.184983e-009, 1.052497e-008, 2.588746e-009, 1.328187e-008, 2.766572e-005, 1.211840e-008, 4.705079e-001, 1.324997e-001, 2.846775e+001
5.358906e+000, 9.999997e-001, 1.740240e-004, 7.613878e+002, 1.000000e+000, 5.695090e+008, 7.176488e-005, 1.890993e-001, 1.892093e-001, 6.983242e-010, 5.969805e-001, 1.996875e+003, 3.013673e-002, 1.006085e-002, 7.264958e-004, 9.426513e-004, 2.960801e-003, 8.934106e-002, 2.721263e-007, 5.353515e-008, 2.389435e-001, 1.555653e-001, 7.048866e-007, 3.095779e-009, 9.040042e-009, 2.234423e-009, 1.127460e-008, 2.873343e-005, 1.070881e-008, 4.712928e-001, 1.324997e-001, 2.851531e+001
5.436258e+000, 9.999997e-001, 1.728339e-004, 7.666306e+002, 1.000000e+000, 4.095311e+008, 6.205028e-005, 1.939767e-001, 1.940719e-001, 6.641027e-010, 5.971674e-001, 2.013076e+003, 3.013789e-002, 8.594556e-003, 5.499823e-004, 7.221687e-004, 2.638047e-003, 9.047438e-002, 2.119604e-007, 4.299451e-008, 2.393129e-001, 1.556734e-001, 6.012905e-007, 3.048527e-009, 8.081643e-009, 2.015632e-009, 9.755751e-009, 2.949681e-005, 9.553327e-009, 4.718663e-001, 1.324997e-001, 2.855007e+001
5.513609e+000, 9.999997e-001, 1.719582e-004, 7.705347e+002, 1.000000e+000, 3.060114e+008, 5.449702e-005, 1.976106e-001, 1.976942e-001, 6.524077e-010, 5.973294e-001, 2.025186e+003, 3.014889e-002, 7.481081e-003, 4.278134e-004, 5.665613e-004, 2.368158e-003, 9.133140e-002, 1.689779e-007, 3.541041e-008, 2.395994e-001, 1.557470e-001, 5.229784e-007, 3.022152e-009, 7.414633e-009, 1.879954e-009, 8.572618e-009, 3.006488e-005, 8.604658e-009, 4.722989e-001, 1.324997e-001, 2.857629e+001
5.668312e+000, 9.999997e-001, 1.708656e-004, 7.754617e+002, 1.000000e+000, 1.934623e+008, 4.428722e-005, 2.022105e-001, 2.022784e-001, 6.612817e-010, 5.975637e-001, 2.040605e+003, 3.017510e-002, 6.011003e-003, 2.854111e-004, 3.824356e-004, 1.977645e-003, 9.244343e-002, 1.169437e-007, 2.599419e-008, 2.399854e-001, 1.558379e-001, 4.201961e-007, 2.999049e-009, 6.590305e-009, 1.751867e-009, 6.970956e-009, 3.078406e-005, 7.261174e-009, 4.728703e-001, 1.324997e-001, 2.861092e+001
5.823016e+000, 9.999997e-001, 1.701374e-004, 7.787806e+002, 1.000000e+000, 1.306771e+008, 3.703732e-005, 2.053332e-001, 2.053900e-001, 6.907885e-010, 5.977731e-001, 2.051033e+003, 3.020627e-002, 4.988411e-003, 2.006629e-004, 2.707750e-004, 1.683531e-003, 9.320886e-002, 8.444161e-008, 1.986277e-008, 2.402683e-001, 1.558809e-001, 3.488958e-007, 2.990496e-009, 6.035395e-009, 1.704497e-009, 5.831583e-009, 3.126903e-005, 6.263192e-009, 4.732606e-001, 1.324997e-001, 2.863457e+001
5.977719e+000, 9.999997e-001, 1.696246e-004, 7.811350e+002, 1.000000e+000, 9.288958e+007, 3.167699e-005, 2.075669e-001, 2.076155e-001, 7.320893e-010, 5.979590e-001, 2.058450e+003, 3.023650e-002, 4.242912e-003, 1.472144e-004, 1.995819e-004, 1.457620e-003, 9.376162e-002, 6.311704e-008, 1.564485e-008, 2.404849e-001, 1.558976e-001, 2.969774e-007, 2.987977e-009, 5.625995e-009, 1.695605e-009, 4.988233e-009, 3.161326e-005, 5.504885e-009, 4.735400e-001, 1.324997e-001, 2.865150e+001
6.287125e+000, 9.999997e-001, 1.690193e-004, 7.839325e+002, 1.000000e+000, 5.529612e+007, 2.493715e-005, 2.102424e-001, 2.102806e-001, 8.255359e-010, 5.982241e-001, 2.067320e+003, 3.028165e-002, 3.317887e-003, 9.151055e-005, 1.249058e-004, 1.163955e-003, 9.443563e-002, 3.999823e-008, 1.077345e-008, 2.407653e-001, 1.559039e-001, 2.326110e-007, 2.988896e-009, 5.085935e-009, 1.718164e-009, 3.927153e-009, 3.202282e-005, 4.530351e-009, 4.738830e-001, 1.324997e-001, 2.867227e+001
6.905938e+000, 9.999997e-001, 1.684326e-004, 7.866632e+002, 1.000000e+000, 2.705775e+007, 1.795342e-005, 2.128626e-001, 2.128901e-001, 1.029376e-009, 5.985481e-001, 2.076023e+003, 3.033890e-002, 2.372765e-003, 4.751160e-005, 6.527741e-005, 8.492936e-004, 9.511190e-002, 2.088045e-008, 6.331951e-009, 2.410687e-001, 1.558872e-001, 1.667801e-007, 2.994388e-009, 4.446674e-009, 1.779425e-009, 2.827107e-009, 3.241924e-005, 3.495699e-009, 4.742258e-001, 1.324997e-001, 2.869303e+001
7.524750e+000, 9.999997e-001, 1.681046e-004, 7.881981e+002, 1.000000e+000, 1.523506e+007, 1.385531e-005, 2.143227e-001, 2.143439e-001, 1.280043e-009, 5.987684e-001, 2.080925e+003, 3.037824e-002, 1.824099e-003, 2.829728e-005, 3.893441e-005, 6.601823e-004, 9.549974e-002, 1.228516e-008, 4.094995e-009, 2.412549e-001, 1.558631e-001, 1.284802e-007, 2.999703e-009, 3.997446e-009, 1.826267e-009, 2.181477e-009, 3.263704e-005, 2.877013e-009, 4.744196e-001, 1.324997e-001, 2.870477e+001
1.000000e+001, 9.999997e-001, 1.681046e-004, 7.881981e+002, 1.000000e+000, 1.523506e+007, 1.385531e-005, 2.143227e-001, 2.143439e-001, 1.280043e-009, 5.987684e-001, 2.080925e+003, 3.037824e-002, 1.824099e-003, 2.829728e-005, 3.893441e-005, 6.601823e-004, 9.549974e-002, 1.228516e-008, 4.094995e-009, 2.412549e-001, 1.558631e-001, 1.284802e-007, 2.999703e-009, 3.997446e-009, 1.826267e-009, 2.181477e-009, 3.263704e-005, 2.877013e-009, 4.744196e-001, 1.324997e-001, 2.870477e+001
